[
  {
    "date": 1493922600000,
    "units": 32
  },
  {
    "date": 1494009000000,
    "units": 55
  },
  {
    "date": 1494095400000,
    "units": 34
  },
  {
    "date": 1494181800000,
    "units": 43
  },
  {
    "date": 1494268200000,
    "units": 25
  },
  {
    "date": 1494354600000,
    "units": 44
  },
    {
    "date": 1494354600000,
    "units": 84
  },
    {
    "date": 1494354600000,
    "units": 34
  },
    {
    "date": 1494354600000,
    "units": 66
  },
    {
    "date": 1494354600000,
    "units": 34
  },
	{
    "date": 1494354600000,
    "units": 88
  }
]